<!--
theme name:     Super Arcade1Up Theme ( for 5:4 Screens )
creator:		Travis Wilson ( Super Retropie and Retro Gaming )
facebook:		www.facebook.com/groups/superretropie
twitter:		www.twitter.com/superretropie
email:			superretropieretrogaming@gmail.com
version:        1.6.1
-->

<?xml version="1.0" encoding="UTF-8"?>
<theme>
   <formatVersion>4</formatVersion>

<feature supported="carousel">
   <view name="system">
      <carousel name="systemcarousel">
        <type>vertical</type>
        <pos>0.0 0.02</pos>
        <logoAlignment>center</logoAlignment>         
        <size>1 0.9</size>
        <logoScale>1.1</logoScale>
        <zIndex>3</zIndex>          
        <logoSize>0.4 0.35</logoSize>
        <color>00000000</color>
        <maxLogoCount>3</maxLogoCount>    
      </carousel>
      <image name="background" extra="true">
         <origin>0 0</origin>
         <pos>0 0</pos>
         <size>1 1</size>
         <zIndex>2</zIndex>                 
         <path>./_inc/images/main_bottom.png</path>
      </image>
      <image name="background2" extra="true">
         <origin>0 0</origin>
         <pos>0 0</pos>
         <size>1 1</size>
         <zIndex>3</zIndex>                 
         <path>./_inc/images/main_top.png</path>
      </image>                      
      <text name="systemInfo">     
         <pos>0.0 0.59</pos>
         <backgroundColor>00000000</backgroundColor>
         <color>ffffffaa</color>
         <fontPath>./_inc/fonts/ARCADE_N.ttf</fontPath>
	     <fontSize>0.022</fontSize>
         <zIndex>3</zIndex>	     
      </text>            
   </view>
</feature>

   <view name="system">
      <helpsystem name="help">
         <fontPath>./_inc/fonts/ARCADE_N.ttf</fontPath>
         <fontSize>0.02</fontSize>     
         <pos>0.105 0.95</pos>      
         <textColor>ffffff</textColor>
         <iconColor>ffffff</iconColor>
      </helpsystem>
   </view>  

   <view name="detailed,video">
      <helpsystem name="help">
         <fontPath>./_inc/fonts/ARCADE_N.ttf</fontPath>
         <fontSize>0.018</fontSize>     
         <pos>0.015 0.97</pos>      
         <textColor>ffffff</textColor>
         <iconColor>ffffff</iconColor>
      </helpsystem>
   </view> 
   <view name="basic">
      <helpsystem name="help">
         <fontPath>./_inc/fonts/ARCADE_N.ttf</fontPath>
         <fontSize>0.018</fontSize>     
         <pos>0.015 0.97</pos>      
         <textColor>ffffff</textColor>
         <iconColor>ffffff</iconColor>
      </helpsystem>
   </view>      

   <view name="basic">
      <textlist name="gamelist">      
         <selectorColor>1c1c1c00</selectorColor>                     
         <pos>0.1 0.28</pos>
         <size>0.8 0.68</size>
         <selectedColor>1176BC</selectedColor>
         <primaryColor>ffffff</primaryColor>
         <secondaryColor>ffffff</secondaryColor>
         <fontPath>./_inc/fonts/ARCADE_N.ttf</fontPath>
         <fontSize>0.02</fontSize>
         <forceUppercase>1</forceUppercase>
         <scrollSound></scrollSound>
         <alignment>center</alignment>
         <zIndex>2</zIndex>                          
      </textlist>
   </view> 
   
   <view name="detailed,video">
      <textlist name="gamelist">      
         <selectorColor>1c1c1c00</selectorColor>                     
         <pos>0.025 0.28</pos>
         <size>0.5 0.68</size>
         <selectedColor>1176BC</selectedColor>
         <primaryColor>ffffff</primaryColor>
         <secondaryColor>ffffff</secondaryColor>
         <fontPath>./_inc/fonts/ARCADE_N.ttf</fontPath>
         <fontSize>0.02</fontSize>
         <forceUppercase>1</forceUppercase>
         <scrollSound></scrollSound>
         <alignment>center</alignment>
         <zIndex>2</zIndex>                          
      </textlist>
   </view>

   <view name="basic,video,detailed">
      <image name="background" extra="true">
         <origin>0 0</origin>
         <pos>0 0</pos>
         <size>1 1</size>        
         <path>./_inc/images/main_bottom.png</path>
         <zIndex>1</zIndex>          
      </image>                
   </view>   
   
   <view name="basic">
      <image name="background2" extra="true">
         <origin>0 0</origin>
         <pos>0 0</pos>
         <size>1 1</size>        
         <path>./_inc/images/system_basic.png</path>
         <zIndex>1</zIndex>          
      </image>                
   </view> 
    
   <view name="detailed,video">
      <image name="background2" extra="true">
         <origin>0 0</origin>
         <pos>0 0</pos>
         <size>1 1</size>        
         <path>./_inc/images/system_video.png</path>
         <zIndex>1</zIndex>         
      </image>                
   </view>     

   <view name="video,detailed">   
      <text name="md_lbl_rating, md_lbl_releasedate, md_lbl_genre, md_lbl_playcount, md_lbl_players, md_ rating, md_genre, md_playcount, md_players, md_releasedate">
         <pos>1 1</pos>
         <color>1176BC</color>
         <fontPath>./_inc/fonts/ARCADE_N.ttf</fontPath>
         <fontSize>0.02</fontSize>
      </text>
      <text name="md_lbl_players">
         <pos>0.57 0.29</pos>
         <size>0.3 0.02</size>
         <zIndex>5</zIndex>         
      </text>
      <text name="md_players">
         <pos>0.71 0.29</pos>
         <size>0.3 0.02</size>
         <zIndex>5</zIndex>
         <color>ffffff</color>                  
      </text>
      <text name="md_lbl_releasedate">
         <pos>0.57 0.32</pos>
         <size>0.3 0.02</size>
         <zIndex>5</zIndex>         
      </text>
      <datetime name="md_releasedate">
         <pos>0.72 0.32</pos>
         <size>0.3 0.02</size>
         <zIndex>5</zIndex>
         <color>ffffff</color>                  
      </datetime>
      <text name="md_lbl_genre">
         <pos>0.57 0.35</pos>
         <size>0.3 0.02</size>
         <zIndex>5</zIndex>                   
      </text>
      <text name="md_genre">
         <pos>0.67 0.35</pos>
         <size>0.3 0.02</size>
         <color>ffffff</color>         
         <zIndex>5</zIndex>         
      </text>
      <text name="md_lbl_playcount">
         <pos>0.57 0.38</pos>
         <size>0.35 0.02</size>
         <zIndex>5</zIndex>                   
      </text>
      <text name="md_playcount">
         <pos>0.78 0.38</pos>
         <size>0.3 0.02</size>
         <color>ffffff</color>         
         <zIndex>5</zIndex>         
      </text>
      <text name="md_lbl_rating">
         <pos>0.57 0.41</pos>
         <size>0.3 0.02</size>
         <zIndex>5</zIndex>         
      </text>
      <text name="md_developer, md_publisher, md_lastplayed, md_lbl_developer, md_lbl_publisher, md_lbl_lastplayed">
         <pos>1 1</pos>
         <color>00000000</color>
      </text>                          
   </view>

   <view name="detailed">
      <image name="md_image">
         <pos>0.755 0.73</pos>
         <maxSize>0.35 0.37</maxSize>
         <zIndex>3</zIndex>         
      </image>
      <rating name="md_rating">
         <zIndex>3</zIndex>       
         <pos>0.57 0.45</pos>
         <size>0.05 0.05</size>
         <filledPath>./_inc/images/full.png</filledPath>
         <unfilledPath>./_inc/images/hollow.png</unfilledPath>
      </rating>          
   </view>

   <view name="video">   
      <video name="md_video">
         <pos>0.77 0.729</pos>
         <maxSize>0.4 0.4</maxSize>
         <zIndex>3</zIndex>
         <delay>3</delay>         
         <showSnapshotNoVideo>true</showSnapshotNoVideo>
         <showSnapshotDelay>true</showSnapshotDelay>                  
      </video>     
      <image name="md_marquee">
         <pos>0.8 0.119</pos>
         <origin>0.5 0.5</origin>
         <maxSize>0.3 0.1</maxSize>
         <zIndex>4</zIndex>         
      </image>
      <rating name="md_rating">
         <zIndex>3</zIndex>       
         <pos>0.57 0.45</pos>
         <size>0.05 0.05</size>
         <filledPath>./_inc/images/full.png</filledPath>
         <unfilledPath>./_inc/images/hollow.png</unfilledPath>
      </rating>             
   </view>
   
</theme>
