<theme>
	<formatVersion>4</formatVersion>
	<include>./../theme.xml</include>

	<view name="system">
		<image name="logo">
			<path>./_inc/system.png</path>
		</image>
	</view>
	
  	<view name="detailed, video, basic">
                <image name="system" extra="true">
                   <origin>0.0 0.0</origin>
                   <pos>0.09 0.06</pos>
                   <maxSize>0.22 0.16</maxSize>
                   <path>./_inc/system.png</path>
                   <zIndex>3</zIndex>            
                </image>
	</view>			
</theme>
